[
 {
   "Name": "ABC",
   "Role": "BORROWER",
   "Telephone": 1234567890,
   "Email": "abder@gmail.com",
   "UserName": "abc",
   "Password": 1234
 },
 {
   "Name": "ABC",
   "Role": "BORROWER",
   "Telephone": 1234567890,
   "Email": "c@gmail.com",
   "UserName": "c",
   "Password": 1234
 },
 {
   "Name": "ABC",
   "Role": "BORROWER",
   "Telephone": 1234567890,
   "Email": "d@gmail.com",
   "UserName": "d",
   "Password": 1234
 },
 {
   "Name": "ABC",
   "Role": "BORROWER",
   "Telephone": 1234567890,
   "Email": "e@gmail.com",
   "UserName": "e",
   "Password": 1234
 },
 {
   "Name": "ABC",
   "Role": "BORROWER",
   "Telephone": 1234567890,
   "Email": "f@gmail.com",
   "UserName": "f",
   "Password": 1234
 },
 {
   "Name": "ABC",
   "Role": "BORROWER",
   "Telephone": 1234567890,
   "Email": "g@gmail.com",
   "UserName": "g",
   "Password": 1234
 },
 {
   "Name": "ABC",
   "Role": "BORROWER",
   "Telephone": 1234567890,
   "Email": "h@gmail.com",
   "UserName": "h",
   "Password": 1234
 },
 {
   "Name": "ABC",
   "Role": "BORROWER",
   "Telephone": 1234567890,
   "Email": "i@gmail.com",
   "UserName": "i",
   "Password": 1234
 },
 {
   "Name": "ABC",
   "Role": "BORROWER",
   "Telephone": 1234567890,
   "Email": "j@gmail.com",
   "UserName": "j",
   "Password": 1234
 },
 {
   "Name": "ABC",
   "Role": "BORROWER",
   "Telephone": 1234567890,
   "Email": "k@gmail.com",
   "UserName": "k",
   "Password": 1234
 },
 {
   "Name": "ABC",
   "Role": "BORROWER",
   "Telephone": 1234567890,
   "Email": "l@gmail.com",
   "UserName": "l",
   "Password": 1234
 },
 {
   "Name": "ABC",
   "Role": "BORROWER",
   "Telephone": 1234567890,
   "Email": "m@gmail.com",
   "UserName": "m",
   "Password": 1234
 }
]